{"months": {"mean": 20.337727254403998, "std": 10.68885274710842}, "uniqsubs": {"mean": 1.5450074575724595, "std": 0.8749402295527755}, "actvsubs": {"mean": 1.3572781876083364, "std": 0.6299021545523846}, "totcalls": {"mean": 3131.1947837303987, "std": 4385.1915344569215}, "adjqty": {"mean": 3088.909823840045, "std": 4348.0612423345265}, "avg3mou": {"mean": 514.4441085177571, "std": 534.1312161834458}, "avg3qty": {"mean": 179.361672108679, "std": 193.49264767327384}, "avg3rev": {"mean": 59.079896803321645, "std": 46.73497891120913}, "rev_Mean": {"mean": 58.59800357120614, "std": 44.66964899498012}, "mou_Mean": {"mean": 509.20481610670447, "std": 525.46780471938}, "totmrc_Mean": {"mean": 46.25201801016103, "std": 23.8031241944781}, "da_Mean": {"mean": 0.8813683190688666, "std": 2.068957944037418}, "ovrmou_Mean": {"mean": 40.53296647023479, "std": 97.90123648272406}, "ovrrev_Mean": {"mean": 13.297771586630784, "std": 29.9786767227948}, "vceovr_Mean": {"mean": 13.069325227045058, "std": 29.74438994389724}, "datovr_Mean": {"mean": 0.22576019065950687, "std": 2.2376764345397757}, "roam_Mean": {"mean": 1.2573110157770546, "std": 9.47853078875147}, "change_mou": {"mean": -12.07451877264985, "std": 247.66350212370858}, "change_rev": {"mean": -1.0603182955418993, "std": 40.00855887667562}, "drop_vce_Mean": {"mean": 5.895432740757489, "std": 8.702608747882717}, "drop_dat_Mean": {"mean": 0.04747315945422663, "std": 1.4632325007366787}, "blck_vce_Mean": {"mean": 3.88164630948184, "std": 9.98431465831941}, "blck_dat_Mean": {"mean": 0.024898886064417307, "std": 0.9571582670075204}, "unan_vce_Mean": {"mean": 27.162924443262266, "std": 37.761081478853754}, "unan_dat_Mean": {"mean": 0.029050939919014793, "std": 0.48948915118550235}, "plcd_vce_Mean": {"mean": 142.77261794383884, "std": 155.5849328439476}, "plcd_dat_Mean": {"mean": 0.8165705916266779, "std": 8.74650159099516}, "recv_vce_Mean": {"mean": 54.314494564672344, "std": 88.18296168484015}, "recv_sms_Mean": {"mean": 0.058639362547103634, "std": 2.004297985163179}, "comp_vce_Mean": {"mean": 107.5910562877579, "std": 117.16448243500209}, "comp_dat_Mean": {"mean": 0.7151476061746282, "std": 7.417374709438901}, "custcare_Mean": {"mean": 1.7220676959385652, "std": 4.781819939285859}, "ccrndmou_Mean": {"mean": 4.536918342920466, "std": 12.50081983748615}, "cc_mou_Mean": {"mean": 3.596108087772806, "std": 10.535020990828507}, "inonemin_Mean": {"mean": 29.22844358439029, "std": 57.938461241940836}, "threeway_Mean": {"mean": 0.27001787127770394, "std": 0.9941036009230709}, "mou_cvce_Mean": {"mean": 225.3538137082989, "std": 262.3765845095298}, "mou_cdat_Mean": {"mean": 1.6745614812874996, "std": 18.591812506242867}, "mou_rvce_Mean": {"mean": 110.40845554328548, "std": 162.91565097296544}, "owylis_vce_Mean": {"mean": 24.331868692970776, "std": 33.73166420572258}, "mouowylisv_Mean": {"mean": 28.19786753736373, "std": 50.261380229761876}, "iwylis_vce_Mean": {"mean": 7.720347751304632, "std": 15.869822930831436}, "mouiwylisv_Mean": {"mean": 17.936605662341357, "std": 41.31347613906784}, "peak_vce_Mean": {"mean": 88.29192029148328, "std": 103.64400313340876}, "peak_dat_Mean": {"mean": 0.3323793015384367, "std": 3.85156239091234}, "mou_peav_Mean": {"mean": 174.24889775717216, "std": 209.5656926189415}, "mou_pead_Mean": {"mean": 0.6427910132828637, "std": 6.501518988849739}, "opk_vce_Mean": {"mean": 64.33584606485479, "std": 88.91864171357847}, "opk_dat_Mean": {"mean": 0.38276830464663203, "std": 4.088034893193}, "mou_opkv_Mean": {"mean": 161.46337673477493, "std": 233.6216373231002}, "mou_opkd_Mean": {"mean": 1.0317697961669692, "std": 14.119046825723997}, "drop_blk_Mean": {"mean": 9.849451095768412, "std": 14.700119885220744}, "attempt_Mean": {"mean": 143.58918853565237, "std": 156.60125837007817}, "complete_Mean": {"mean": 108.30620389405377, "std": 118.05751414763685}, "callfwdv_Mean": {"mean": 0.008344418913613094, "std": 0.30350757162139913}, "callwait_Mean": {"mean": 1.7463350398300883, "std": 5.3178500234425385}, "totmou": {"mean": 8191.246785724837, "std": 9806.783062382003}, "totrev": {"mean": 1116.4232091748297, "std": 946.3347038853921}, "adjrev": {"mean": 1044.169693231749, "std": 933.2315774202814}, "adjmou": {"mean": 8086.655872132866, "std": 9731.95330555713}, "avgrev": {"mean": 57.78986737614384, "std": 35.60751878856691}, "avgmou": {"mean": 475.11998871286335, "std": 432.90380398007494}, "avgqty": {"mean": 172.12681138388356, "std": 167.5949808678923}, "avg6mou": {"mean": 504.83223295525147, "std": 491.88090187308705}, "avg6qty": {"mean": 177.3524251123118, "std": 180.69174600008876}, "avg6rev": {"mean": 58.641292076380694, "std": 40.372628973888915}, "hnd_price": {"mean": 99.75537937977121, "std": 62.10328675592183}, "phones": {"mean": 1.8699157495868102, "std": 1.4368540740402742}, "models": {"mean": 1.5980570000403111, "std": 0.9556231511461241}, "truck": {"mean": 0.19425968476639657, "std": 0.3956376745456679}, "rv": {"mean": 0.08562099407425323, "std": 0.27980921275191856}, "forgntvl": {"mean": 0.0587334220179788, "std": 0.2351298275477199}, "eqpdays": {"mean": 407.0279356633208, "std": 275.9103345002714}}