{"rev_Mean":{"0":35.8425,"1":45.3875,"2":69.745,"3":54.895,"4":34.99,"5":32.97,"6":32.7375,"7":48.3775,"8":36.97,"9":84.92},"mou_Mean":{"0":261.0,"1":626.5,"2":38.75,"3":379.75,"4":70.75,"5":53.25,"6":145.75,"7":392.5,"8":606.75,"9":286.25},"totmrc_Mean":{"0":34.98,"1":44.99,"2":10.0,"3":44.91,"4":44.99,"5":32.49,"6":32.49,"7":29.9925,"8":44.99,"9":23.62},"da_Mean":{"0":0.0,"1":0.0,"2":0.0,"3":1.2375,"4":0.0,"5":0.0,"6":0.2475,"7":0.2475,"8":1.98,"9":0.0},"ovrmou_Mean":{"0":2.0,"1":28.5,"2":9.75,"3":0.0,"4":0.0,"5":0.0,"6":0.0,"7":73.25,"8":0.0,"9":25.25},"ovrrev_Mean":{"0":0.6,"1":9.975,"2":9.75,"3":0.0,"4":0.0,"5":0.0,"6":0.0,"7":25.6375,"8":0.0,"9":25.25},"vceovr_Mean":{"0":0.6,"1":9.975,"2":9.75,"3":0.0,"4":0.0,"5":0.0,"6":0.0,"7":25.6375,"8":0.0,"9":25.25},"datovr_Mean":{"0":0.0,"1":0.0,"2":0.0,"3":0.0,"4":0.0,"5":0.0,"6":0.0,"7":0.0,"8":0.0,"9":0.0},"roam_Mean":{"0":0.0,"1":0.0,"2":0.0,"3":0.0,"4":0.0,"5":0.48,"6":0.0,"7":0.0,"8":0.0,"9":0.8},"change_mou":{"0":-261.0,"1":-285.5,"2":-22.75,"3":178.25,"4":9.25,"5":34.75,"6":-7.75,"7":-156.5,"8":217.25,"9":-107.25},"change_rev":{"0":-0.8625,"1":-10.3975,"2":-59.745,"3":-14.905,"4":0.0,"5":-0.48,"6":-0.2475,"7":-48.3775,"8":-0.0,"9":170.0},"drop_vce_Mean":{"0":0.333333333,"1":4.666666667,"2":0.0,"3":3.666666667,"4":3.0,"5":1.333333333,"6":4.333333333,"7":0.0,"8":2.666666667,"9":2.0},"drop_dat_Mean":{"0":0.0,"1":0.0,"2":0.0,"3":0.0,"4":0.0,"5":0.0,"6":0.0,"7":0.0,"8":0.0,"9":0.0},"blck_vce_Mean":{"0":0.0,"1":2.0,"2":0.0,"3":0.333333333,"4":0.0,"5":0.333333333,"6":1.333333333,"7":0.0,"8":13.33333333,"9":0.666666667},"blck_dat_Mean":{"0":0.0,"1":0.0,"2":0.0,"3":0.0,"4":0.0,"5":0.0,"6":0.0,"7":0.0,"8":0.0,"9":0.0},"unan_vce_Mean":{"0":28.0,"1":66.33333333,"2":0.0,"3":10.66666667,"4":0.666666667,"5":8.0,"6":5.333333333,"7":0.0,"8":35.66666667,"9":26.0},"unan_dat_Mean":{"0":0.0,"1":0.0,"2":0.0,"3":0.0,"4":0.0,"5":0.0,"6":0.0,"7":0.0,"8":0.0,"9":0.0},"plcd_vce_Mean":{"0":83.33333333,"1":209.6666667,"2":0.0,"3":63.66666667,"4":28.33333333,"5":26.0,"6":73.33333333,"7":0.0,"8":205.3333333,"9":170.6666667},"plcd_dat_Mean":{"0":0.0,"1":0.0,"2":0.0,"3":0.0,"4":0.0,"5":0.0,"6":0.0,"7":0.0,"8":0.0,"9":0.0},"recv_vce_Mean":{"0":28.0,"1":89.0,"2":0.0,"3":17.33333333,"4":8.0,"5":1.666666667,"6":19.0,"7":0.0,"8":2.0,"9":35.0},"recv_sms_Mean":{"0":0.0,"1":0.0,"2":0.0,"3":0.0,"4":0.0,"5":0.0,"6":0.0,"7":0.0,"8":0.0,"9":0.0},"comp_vce_Mean":{"0":55.33333333,"1":139.3333333,"2":0.0,"3":50.66666667,"4":25.0,"5":16.33333333,"6":62.66666667,"7":0.0,"8":153.6666667,"9":142.3333333},"comp_dat_Mean":{"0":0.0,"1":0.0,"2":0.0,"3":0.0,"4":0.0,"5":0.0,"6":0.0,"7":0.0,"8":0.0,"9":0.0},"custcare_Mean":{"0":0.666666667,"1":1.0,"2":0.0,"3":3.333333333,"4":0.0,"5":0.0,"6":0.0,"7":0.0,"8":39.33333333,"9":1.0},"ccrndmou_Mean":{"0":1.333333333,"1":1.333333333,"2":0.0,"3":11.66666667,"4":0.0,"5":0.0,"6":0.0,"7":0.0,"8":128.0,"9":1.0},"cc_mou_Mean":{"0":1.123333333,"1":0.956666667,"2":0.0,"3":9.52,"4":0.0,"5":0.0,"6":0.0,"7":0.0,"8":108.3266667,"9":0.186666667},"inonemin_Mean":{"0":16.33333333,"1":61.33333333,"2":0.0,"3":6.333333333,"4":6.0,"5":1.666666667,"6":11.33333333,"7":0.0,"8":0.666666667,"9":21.0},"threeway_Mean":{"0":0.0,"1":0.0,"2":0.0,"3":0.0,"4":0.0,"5":0.0,"6":0.0,"7":0.0,"8":1.333333333,"9":0.333333333},"mou_cvce_Mean":{"0":75.01666667,"1":185.66,"2":0.0,"3":96.53,"4":30.9,"5":23.58666667,"6":56.61666667,"7":0.0,"8":617.1633333,"9":125.5},"mou_cdat_Mean":{"0":0.0,"1":0.0,"2":0.0,"3":0.0,"4":0.0,"5":0.0,"6":0.0,"7":0.0,"8":0.0,"9":0.0},"mou_rvce_Mean":{"0":46.49666667,"1":114.5033333,"2":0.0,"3":40.18666667,"4":4.773333333,"5":0.853333333,"6":21.23666667,"7":0.0,"8":5.15,"9":62.88},"owylis_vce_Mean":{"0":21.0,"1":1.0,"2":0.0,"3":8.0,"4":7.0,"5":1.0,"6":27.0,"7":0.0,"8":3.666666667,"9":67.0},"mouowylisv_Mean":{"0":18.90666667,"1":0.143333333,"2":0.0,"3":5.73,"4":3.313333333,"5":0.85,"6":12.24666667,"7":0.0,"8":4.923333333,"9":28.94333333},"iwylis_vce_Mean":{"0":6.666666667,"1":0.0,"2":0.0,"3":1.333333333,"4":1.333333333,"5":0.666666667,"6":10.0,"7":0.0,"8":0.0,"9":0.333333333},"mouiwylisv_Mean":{"0":6.496666667,"1":0.0,"2":0.0,"3":2.39,"4":0.733333333,"5":0.4,"6":13.42333333,"7":0.0,"8":0.0,"9":0.726666667},"peak_vce_Mean":{"0":37.66666667,"1":79.0,"2":0.0,"3":37.0,"4":16.33333333,"5":10.66666667,"6":72.66666667,"7":0.0,"8":81.66666667,"9":61.0},"peak_dat_Mean":{"0":0.0,"1":0.0,"2":0.0,"3":0.0,"4":0.0,"5":0.0,"6":0.0,"7":0.0,"8":0.0,"9":0.0},"mou_peav_Mean":{"0":43.2,"1":98.84666667,"2":0.0,"3":89.82,"4":22.46333333,"5":14.25,"6":67.87,"7":0.0,"8":239.4933333,"9":52.19},"mou_pead_Mean":{"0":0.0,"1":0.0,"2":0.0,"3":0.0,"4":0.0,"5":0.0,"6":0.0,"7":0.0,"8":0.0,"9":0.0},"opk_vce_Mean":{"0":45.33333333,"1":146.6666667,"2":0.0,"3":29.33333333,"4":16.33333333,"5":7.333333333,"6":8.333333333,"7":0.0,"8":73.33333333,"9":110.6666667},"opk_dat_Mean":{"0":0.0,"1":0.0,"2":0.0,"3":0.0,"4":0.0,"5":0.0,"6":0.0,"7":0.0,"8":0.0,"9":0.0},"mou_opkv_Mean":{"0":78.31666667,"1":201.3166667,"2":0.0,"3":46.89666667,"4":13.21,"5":10.19,"6":9.983333333,"7":0.0,"8":382.82,"9":136.19},"mou_opkd_Mean":{"0":0.0,"1":0.0,"2":0.0,"3":0.0,"4":0.0,"5":0.0,"6":0.0,"7":0.0,"8":0.0,"9":0.0},"drop_blk_Mean":{"0":0.333333333,"1":6.666666667,"2":0.0,"3":4.0,"4":3.0,"5":1.666666667,"6":5.666666667,"7":0.0,"8":16.0,"9":2.666666667},"attempt_Mean":{"0":83.33333333,"1":209.6666667,"2":0.0,"3":63.66666667,"4":28.33333333,"5":26.0,"6":73.33333333,"7":0.0,"8":205.3333333,"9":170.6666667},"complete_Mean":{"0":55.33333333,"1":139.3333333,"2":0.0,"3":50.66666667,"4":25.0,"5":16.33333333,"6":62.66666667,"7":0.0,"8":153.6666667,"9":142.3333333},"callfwdv_Mean":{"0":0.0,"1":0.0,"2":0.0,"3":0.0,"4":0.0,"5":0.0,"6":0.0,"7":0.0,"8":0.0,"9":0.0},"callwait_Mean":{"0":0.0,"1":1.333333333,"2":0.0,"3":0.0,"4":0.0,"5":0.0,"6":0.0,"7":0.0,"8":0.0,"9":2.333333333},"churn":{"0":1,"1":0,"2":1,"3":0,"4":0,"5":1,"6":1,"7":1,"8":0,"9":1},"months":{"0":31,"1":6,"2":37,"3":23,"4":9,"5":21,"6":19,"7":12,"8":11,"9":15},"uniqsubs":{"0":2,"1":1,"2":1,"3":2,"4":1,"5":2,"6":2,"7":2,"8":1,"9":1},"actvsubs":{"0":2,"1":1,"2":1,"3":1,"4":1,"5":2,"6":2,"7":1,"8":1,"9":1},"new_cell":{"0":"N","1":"U","2":"U","3":"N","4":"Y","5":"U","6":"U","7":"U","8":"Y","9":"U"},"asl_flag":{"0":"N","1":"Y","2":"N","3":"N","4":"N","5":"N","6":"N","7":"N","8":"N","9":"Y"},"totcalls":{"0":5393,"1":2451,"2":5105,"3":2593,"4":259,"5":457,"6":1796,"7":1565,"8":911,"9":2395},"totmou":{"0":10358.0,"1":4423.0,"2":11253.0,"3":7085.0,"4":673.0,"5":853.0,"6":3384.0,"7":3543.0,"8":4297.0,"9":4070.0},"totrev":{"0":1336.23,"1":419.11,"2":2010.98,"3":1183.25,"4":298.2,"5":700.7,"6":642.89,"7":569.35,"8":353.44,"9":572.5},"adjrev":{"0":1279.48,"1":353.5,"2":1954.6,"3":1126.71,"4":283.07,"5":666.74,"6":606.21,"7":484.38,"8":353.44,"9":492.13},"adjmou":{"0":10348.0,"1":4414.0,"2":11036.0,"3":6963.0,"4":670.0,"5":852.0,"6":3360.0,"7":3441.0,"8":4292.0,"9":4033.0},"adjqty":{"0":5388,"1":2445,"2":5022,"3":2537,"4":256,"5":456,"6":1778,"7":1516,"8":908,"9":2371},"avgrev":{"0":42.65,"1":70.7,"2":54.29,"3":53.65,"4":35.38,"5":33.34,"6":33.68,"7":48.44,"8":35.34,"9":37.86},"avgmou":{"0":344.93,"1":882.8,"2":306.56,"3":331.57,"4":83.75,"5":42.6,"6":186.67,"7":344.1,"8":429.2,"9":310.23},"avgqty":{"0":179.6,"1":489.0,"2":139.5,"3":120.81,"4":32.0,"5":22.8,"6":98.78,"7":151.6,"8":90.8,"9":182.38},"avg3mou":{"0":348,"1":722,"2":46,"3":320,"4":68,"5":42,"6":148,"7":445,"8":534,"9":322},"avg3qty":{"0":182,"1":400,"2":27,"3":121,"4":33,"5":20,"6":95,"7":187,"8":112,"9":178},"avg3rev":{"0":36,"1":49,"2":90,"3":60,"4":35,"5":33,"6":32,"7":65,"8":37,"9":28},"avg6mou":{"0":475.0,"1":509.6345756013,"2":33.0,"3":431.0,"4":69.0,"5":37.0,"6":170.0,"7":410.0,"8":445.0,"9":298.0},"avg6qty":{"0":195.0,"1":178.3651568016,"2":20.0,"3":134.0,"4":29.0,"5":18.0,"6":99.0,"7":172.0,"8":97.0,"9":181.0},"avg6rev":{"0":41.0,"1":58.6836179125,"2":52.0,"3":63.0,"4":36.0,"5":34.0,"6":33.0,"7":60.0,"8":37.0,"9":31.0},"area":{"0":"HOUSTON AREA","1":"SOUTH FLORIDA AREA",